{
  "total_items": 81,
  "average_score": 0.7319753086419754,
  "mcq_count": 54,
  "mcq_accuracy": 0.7222222222222222,
  "sa_count": 27,
  "sa_average_score": 0.7514814814814815
}