{
  "total_items": 18,
  "average_score": 0.31666666666666665,
  "mcq_count": 12,
  "mcq_accuracy": 0.25,
  "sa_count": 6,
  "sa_average_score": 0.44999999999999996
}