{
  "total_items": 124,
  "average_score": 0.4274193548387097,
  "mcq_count": 124,
  "mcq_accuracy": 0.4274193548387097,
  "sa_count": 0,
  "sa_average_score": 0.0,
  "_failed_items": 0,
  "_total_items": 124,
  "_elapsed_sec": 343.44
}