{
  "total_items": 92,
  "average_score": 0.4891304347826087,
  "mcq_count": 92,
  "mcq_accuracy": 0.4891304347826087,
  "sa_count": 0,
  "sa_average_score": 0.0,
  "_failed_items": 0,
  "_total_items": 92,
  "_elapsed_sec": 209.94
}