{
  "total_items": 67,
  "average_score": 0.4626865671641791,
  "mcq_count": 67,
  "mcq_accuracy": 0.4626865671641791,
  "sa_count": 0,
  "sa_average_score": 0.0,
  "_failed_items": 0,
  "_total_items": 67,
  "_elapsed_sec": 160.79
}