{
  "total_items": 42,
  "average_score": 0.3333333333333333,
  "mcq_count": 42,
  "mcq_accuracy": 0.3333333333333333,
  "sa_count": 0,
  "sa_average_score": 0.0,
  "_failed_items": 0,
  "_total_items": 42,
  "_elapsed_sec": 113.61
}