{
  "total_items": 42,
  "average_score": 0.35714285714285715,
  "mcq_count": 42,
  "mcq_accuracy": 0.35714285714285715,
  "sa_count": 0,
  "sa_average_score": 0.0,
  "_failed_items": 0,
  "_total_items": 42,
  "_elapsed_sec": 98.11
}