{
  "total_items": 92,
  "average_score": 0.3695652173913043,
  "mcq_count": 92,
  "mcq_accuracy": 0.3695652173913043,
  "sa_count": 0,
  "sa_average_score": 0.0,
  "_failed_items": 0,
  "_total_items": 92,
  "_elapsed_sec": 246.53
}