{
  "total_items": 118,
  "average_score": 0.3305084745762712,
  "mcq_count": 118,
  "mcq_accuracy": 0.3305084745762712,
  "sa_count": 0,
  "sa_average_score": 0.0,
  "_failed_items": 0,
  "_total_items": 118,
  "_elapsed_sec": 331.53
}