{
  "total_items": 92,
  "average_score": 0.8396376811597827,
  "mcq_count": 0,
  "mcq_accuracy": 0.0,
  "sa_count": 92,
  "sa_average_score": 0.8396376811597827,
  "_failed_items": 0,
  "_total_items": 92,
  "_elapsed_sec": 1656.01
}