{
  "total_items": 48,
  "average_score": 0.17916666666666667,
  "mcq_count": 36,
  "mcq_accuracy": 0.1388888888888889,
  "sa_count": 12,
  "sa_average_score": 0.3
}