{
  "total_items": 128,
  "average_score": 0.5964062499999999,
  "mcq_count": 84,
  "mcq_accuracy": 0.5,
  "sa_count": 44,
  "sa_average_score": 0.7804545454545454
}