{
  "total_items": 47,
  "average_score": 0.7736170212765956,
  "mcq_count": 32,
  "mcq_accuracy": 0.78125,
  "sa_count": 15,
  "sa_average_score": 0.7573333333333334
}