{
  "total_items": 7,
  "average_score": 0.49571428571428566,
  "mcq_count": 4,
  "mcq_accuracy": 0.5,
  "sa_count": 3,
  "sa_average_score": 0.49000000000000005
}