{
  "total_items": 8,
  "average_score": 0.43374999999999997,
  "mcq_count": 6,
  "mcq_accuracy": 0.3333333333333333,
  "sa_count": 2,
  "sa_average_score": 0.735
}